{
  "project_info": {
    "project_number": "43800662402",
    "firebase_url": "https://project1-90eef.firebaseio.com",
    "project_id": "project1-90eef",
    "storage_bucket": "project1-90eef.appspot.com"
  },
  "client": [
    {
      "client_info": {
        "mobilesdk_app_id": "1:43800662402:android:9aa08eb5d2a88c13",
        "android_client_info": {
          "package_name": "com.example.andrew.project1"
        }
      },
      "oauth_client": [
        {
          "client_id": "43800662402-hjgli3boqcmvui11t2dm6r4nekg7l9rl.apps.googleusercontent.com",
          "client_type": 3
        }
      ],
      "api_key": [
        {
          "current_key": "AIzaSyC4HqZXLt5CnO7vCjKv0WHkxGqf33jFLTo"
        }
      ],
      "services": {
        "analytics_service": {
          "status": 1
        },
        "appinvite_service": {
          "status": 1,
          "other_platform_oauth_client": []
        },
        "ads_service": {
          "status": 2
        }
      }
    }
  ],
  "configuration_version": "1"
}